dilution,batch,time_minutes,grade_numeric,grade_label,smear_type,filepath,filename
10%,1,5,2,II,thick,data\processed\10%_batch1_5min_2_thick.jpg,10%_batch1_5min_2_thick.jpg
10%,1,5,2,II,thin,data\processed\10%_batch1_5min_2_thin.jpg,10%_batch1_5min_2_thin.jpg
10%,1,6,2,II,thick,data\processed\10%_batch1_6min_2_thick.jpg,10%_batch1_6min_2_thick.jpg
10%,1,6,2,II,thin,data\processed\10%_batch1_6min_2_thin.jpg,10%_batch1_6min_2_thin.jpg
10%,1,7,2,II,thick,data\processed\10%_batch1_7min_2_thick.jpg,10%_batch1_7min_2_thick.jpg
10%,1,7,2,II,thin,data\processed\10%_batch1_7min_2_thin.jpg,10%_batch1_7min_2_thin.jpg
10%,1,8,2,II,thick,data\processed\10%_batch1_8min_2_thick.jpg,10%_batch1_8min_2_thick.jpg
10%,1,8,2,II,thin,data\processed\10%_batch1_8min_2_thin.jpg,10%_batch1_8min_2_thin.jpg
10%,1,9,2,II,thick,data\processed\10%_batch1_9min_2_thick.jpg,10%_batch1_9min_2_thick.jpg
10%,1,9,2,II,thin,data\processed\10%_batch1_9min_2_thin.jpg,10%_batch1_9min_2_thin.jpg
10%,1,10,3,III,thick,data\processed\10%_batch1_10min_3_thick.jpg,10%_batch1_10min_3_thick.jpg
10%,1,10,3,III,thin,data\processed\10%_batch1_10min_3_thin.jpg,10%_batch1_10min_3_thin.jpg
10%,1,11,4,IV,thick,data\processed\10%_batch1_11min_4_thick.jpg,10%_batch1_11min_4_thick.jpg
10%,1,11,4,IV,thin,data\processed\10%_batch1_11min_4_thin.jpg,10%_batch1_11min_4_thin.jpg
10%,1,12,4,IV,thick,data\processed\10%_batch1_12min_4_thick.jpg,10%_batch1_12min_4_thick.jpg
10%,1,12,4,IV,thin,data\processed\10%_batch1_12min_4_thin.jpg,10%_batch1_12min_4_thin.jpg
10%,1,13,4,IV,thick,data\processed\10%_batch1_13min_4_thick.jpg,10%_batch1_13min_4_thick.jpg
10%,1,13,4,IV,thin,data\processed\10%_batch1_13min_4_thin.jpg,10%_batch1_13min_4_thin.jpg
10%,1,14,4,IV,thick,data\processed\10%_batch1_14min_4_thick.jpg,10%_batch1_14min_4_thick.jpg
10%,1,15,4,IV,thin,data\processed\10%_batch1_15min_4_thin.jpg,10%_batch1_15min_4_thin.jpg
10%,1,16,4,IV,thick,data\processed\10%_batch1_16min_4_thick.jpg,10%_batch1_16min_4_thick.jpg
10%,1,16,4,IV,thin,data\processed\10%_batch1_16min_4_thin.jpg,10%_batch1_16min_4_thin.jpg
10%,1,17,5,V,thick,data\processed\10%_batch1_17min_5_thick.jpg,10%_batch1_17min_5_thick.jpg
10%,1,17,5,V,thin,data\processed\10%_batch1_17min_5_thin.jpg,10%_batch1_17min_5_thin.jpg
10%,1,18,5,V,thick,data\processed\10%_batch1_18min_5_thick.jpg,10%_batch1_18min_5_thick.jpg
10%,1,18,5,V,thin,data\processed\10%_batch1_18min_5_thin.jpg,10%_batch1_18min_5_thin.jpg
10%,1,19,5,V,thick,data\processed\10%_batch1_19min_5_thick.jpg,10%_batch1_19min_5_thick.jpg
10%,1,19,5,V,thin,data\processed\10%_batch1_19min_5_thin.jpg,10%_batch1_19min_5_thin.jpg
10%,1,20,5,V,thick,data\processed\10%_batch1_20min_5_thick.jpg,10%_batch1_20min_5_thick.jpg
10%,1,20,5,V,thin,data\processed\10%_batch1_20min_5_thin.jpg,10%_batch1_20min_5_thin.jpg
10%,2,5,2,II,thick,data\processed\10%_batch2_5min_2_thick.jpg,10%_batch2_5min_2_thick.jpg
10%,2,5,2,II,thin,data\processed\10%_batch2_5min_2_thin.jpg,10%_batch2_5min_2_thin.jpg
10%,2,6,2,II,thick,data\processed\10%_batch2_6min_2_thick.jpg,10%_batch2_6min_2_thick.jpg
10%,2,6,2,II,thin,data\processed\10%_batch2_6min_2_thin.jpg,10%_batch2_6min_2_thin.jpg
10%,2,7,2,II,thick,data\processed\10%_batch2_7min_2_thick.jpg,10%_batch2_7min_2_thick.jpg
10%,2,7,2,II,thin,data\processed\10%_batch2_7min_2_thin.jpg,10%_batch2_7min_2_thin.jpg
10%,2,8,2,II,thick,data\processed\10%_batch2_8min_2_thick.jpg,10%_batch2_8min_2_thick.jpg
10%,2,8,2,II,thin,data\processed\10%_batch2_8min_2_thin.jpg,10%_batch2_8min_2_thin.jpg
10%,2,9,2,II,thick,data\processed\10%_batch2_9min_2_thick.jpg,10%_batch2_9min_2_thick.jpg
10%,2,9,2,II,thin,data\processed\10%_batch2_9min_2_thin.jpg,10%_batch2_9min_2_thin.jpg
10%,2,10,3,III,thick,data\processed\10%_batch2_10min_3_thick.jpg,10%_batch2_10min_3_thick.jpg
10%,2,10,3,III,thin,data\processed\10%_batch2_10min_3_thin.jpg,10%_batch2_10min_3_thin.jpg
10%,2,11,3,III,thick,data\processed\10%_batch2_11min_3_thick.jpg,10%_batch2_11min_3_thick.jpg
10%,2,11,3,III,thin,data\processed\10%_batch2_11min_3_thin.jpg,10%_batch2_11min_3_thin.jpg
10%,2,12,4,IV,thick,data\processed\10%_batch2_12min_4_thick.jpg,10%_batch2_12min_4_thick.jpg
10%,2,12,4,IV,thin,data\processed\10%_batch2_12min_4_thin.jpg,10%_batch2_12min_4_thin.jpg
10%,2,13,4,IV,thick,data\processed\10%_batch2_13min_4_thick.jpg,10%_batch2_13min_4_thick.jpg
10%,2,13,4,IV,thin,data\processed\10%_batch2_13min_4_thin.jpg,10%_batch2_13min_4_thin.jpg
10%,2,14,4,IV,thick,data\processed\10%_batch2_14min_4_thick.jpg,10%_batch2_14min_4_thick.jpg
10%,2,14,4,IV,thin,data\processed\10%_batch2_14min_4_thin.jpg,10%_batch2_14min_4_thin.jpg
10%,2,15,4,IV,thick,data\processed\10%_batch2_15min_4_thick.jpg,10%_batch2_15min_4_thick.jpg
10%,2,15,4,IV,thin,data\processed\10%_batch2_15min_4_thin.jpg,10%_batch2_15min_4_thin.jpg
10%,2,16,4,IV,thick,data\processed\10%_batch2_16min_4_thick.jpg,10%_batch2_16min_4_thick.jpg
10%,2,16,4,IV,thin,data\processed\10%_batch2_16min_4_thin.jpg,10%_batch2_16min_4_thin.jpg
10%,2,17,4,IV,thick,data\processed\10%_batch2_17min_4_thick.jpg,10%_batch2_17min_4_thick.jpg
10%,2,17,4,IV,thin,data\processed\10%_batch2_17min_4_thin.jpg,10%_batch2_17min_4_thin.jpg
10%,2,18,5,V,thick,data\processed\10%_batch2_18min_5_thick.jpg,10%_batch2_18min_5_thick.jpg
10%,2,18,5,V,thin,data\processed\10%_batch2_18min_5_thin.jpg,10%_batch2_18min_5_thin.jpg
10%,2,19,5,V,thick,data\processed\10%_batch2_19min_5_thick.jpg,10%_batch2_19min_5_thick.jpg
10%,2,19,5,V,thin,data\processed\10%_batch2_19min_5_thin.jpg,10%_batch2_19min_5_thin.jpg
10%,2,20,5,V,thick,data\processed\10%_batch2_20min_5_thick.jpg,10%_batch2_20min_5_thick.jpg
10%,2,20,5,V,thin,data\processed\10%_batch2_20min_5_thin.jpg,10%_batch2_20min_5_thin.jpg
10%,3,5,2,II,thick,data\processed\10%_batch3_5min_2_thick.jpg,10%_batch3_5min_2_thick.jpg
10%,3,5,2,II,thin,data\processed\10%_batch3_5min_2_thin.jpg,10%_batch3_5min_2_thin.jpg
10%,3,6,2,II,thick,data\processed\10%_batch3_6min_2_thick.jpg,10%_batch3_6min_2_thick.jpg
10%,3,6,2,II,thin,data\processed\10%_batch3_6min_2_thin.jpg,10%_batch3_6min_2_thin.jpg
10%,3,7,2,II,thick,data\processed\10%_batch3_7min_2_thick.jpg,10%_batch3_7min_2_thick.jpg
10%,3,7,2,II,thin,data\processed\10%_batch3_7min_2_thin.jpg,10%_batch3_7min_2_thin.jpg
10%,3,8,2,II,thick,data\processed\10%_batch3_8min_2_thick.jpg,10%_batch3_8min_2_thick.jpg
10%,3,8,2,II,thin,data\processed\10%_batch3_8min_2_thin.jpg,10%_batch3_8min_2_thin.jpg
10%,3,9,2,II,thick,data\processed\10%_batch3_9min_2_thick.jpg,10%_batch3_9min_2_thick.jpg
10%,3,9,2,II,thin,data\processed\10%_batch3_9min_2_thin.jpg,10%_batch3_9min_2_thin.jpg
10%,3,10,3,III,thick,data\processed\10%_batch3_10min_3_thick.jpg,10%_batch3_10min_3_thick.jpg
10%,3,10,2,II,thin,data\processed\10%_batch3_10min_2_thin.jpg,10%_batch3_10min_2_thin.jpg
10%,3,11,3,III,thick,data\processed\10%_batch3_11min_3_thick.jpg,10%_batch3_11min_3_thick.jpg
10%,3,11,2,II,thin,data\processed\10%_batch3_11min_2_thin.jpg,10%_batch3_11min_2_thin.jpg
10%,3,12,3,III,thick,data\processed\10%_batch3_12min_3_thick.jpg,10%_batch3_12min_3_thick.jpg
10%,3,12,2,II,thin,data\processed\10%_batch3_12min_2_thin.jpg,10%_batch3_12min_2_thin.jpg
10%,3,13,3,III,thick,data\processed\10%_batch3_13min_3_thick.jpg,10%_batch3_13min_3_thick.jpg
10%,3,13,2,II,thin,data\processed\10%_batch3_13min_2_thin.jpg,10%_batch3_13min_2_thin.jpg
10%,3,14,4,IV,thick,data\processed\10%_batch3_14min_4_thick.jpg,10%_batch3_14min_4_thick.jpg
10%,3,14,3,III,thin,data\processed\10%_batch3_14min_3_thin.jpg,10%_batch3_14min_3_thin.jpg
10%,3,15,4,IV,thick,data\processed\10%_batch3_15min_4_thick.jpg,10%_batch3_15min_4_thick.jpg
10%,3,15,3,III,thin,data\processed\10%_batch3_15min_3_thin.jpg,10%_batch3_15min_3_thin.jpg
10%,3,16,4,IV,thick,data\processed\10%_batch3_16min_4_thick.jpg,10%_batch3_16min_4_thick.jpg
10%,3,16,4,IV,thin,data\processed\10%_batch3_16min_4_thin.jpg,10%_batch3_16min_4_thin.jpg
10%,3,17,4,IV,thick,data\processed\10%_batch3_17min_4_thick.jpg,10%_batch3_17min_4_thick.jpg
10%,3,17,3,III,thin,data\processed\10%_batch3_17min_3_thin.jpg,10%_batch3_17min_3_thin.jpg
10%,3,18,4,IV,thick,data\processed\10%_batch3_18min_4_thick.jpg,10%_batch3_18min_4_thick.jpg
10%,3,18,4,IV,thin,data\processed\10%_batch3_18min_4_thin.jpg,10%_batch3_18min_4_thin.jpg
10%,3,19,5,V,thick,data\processed\10%_batch3_19min_5_thick.jpg,10%_batch3_19min_5_thick.jpg
10%,3,19,5,V,thin,data\processed\10%_batch3_19min_5_thin.jpg,10%_batch3_19min_5_thin.jpg
10%,3,20,5,V,thick,data\processed\10%_batch3_20min_5_thick.jpg,10%_batch3_20min_5_thick.jpg
10%,3,20,5,V,thin,data\processed\10%_batch3_20min_5_thin.jpg,10%_batch3_20min_5_thin.jpg
10%,4,5,2,II,thick,data\processed\10%_batch4_5min_2_thick.jpg,10%_batch4_5min_2_thick.jpg
10%,4,5,2,II,thin,data\processed\10%_batch4_5min_2_thin.jpg,10%_batch4_5min_2_thin.jpg
10%,4,6,2,II,thick,data\processed\10%_batch4_6min_2_thick.jpg,10%_batch4_6min_2_thick.jpg
10%,4,6,2,II,thin,data\processed\10%_batch4_6min_2_thin.jpg,10%_batch4_6min_2_thin.jpg
10%,4,7,2,II,thick,data\processed\10%_batch4_7min_2_thick.jpg,10%_batch4_7min_2_thick.jpg
10%,4,7,2,II,thin,data\processed\10%_batch4_7min_2_thin.jpg,10%_batch4_7min_2_thin.jpg
10%,4,8,2,II,thick,data\processed\10%_batch4_8min_2_thick.jpg,10%_batch4_8min_2_thick.jpg
10%,4,8,2,II,thin,data\processed\10%_batch4_8min_2_thin.jpg,10%_batch4_8min_2_thin.jpg
10%,4,9,2,II,thick,data\processed\10%_batch4_9min_2_thick.jpg,10%_batch4_9min_2_thick.jpg
10%,4,9,2,II,thin,data\processed\10%_batch4_9min_2_thin.jpg,10%_batch4_9min_2_thin.jpg
10%,4,10,3,III,thick,data\processed\10%_batch4_10min_3_thick.jpg,10%_batch4_10min_3_thick.jpg
10%,4,10,4,IV,thin,data\processed\10%_batch4_10min_4_thin.jpg,10%_batch4_10min_4_thin.jpg
10%,4,11,3,III,thick,data\processed\10%_batch4_11min_3_thick.jpg,10%_batch4_11min_3_thick.jpg
10%,4,11,4,IV,thin,data\processed\10%_batch4_11min_4_thin.jpg,10%_batch4_11min_4_thin.jpg
10%,4,12,5,V,thick,data\processed\10%_batch4_12min_5_thick.jpg,10%_batch4_12min_5_thick.jpg
10%,4,12,4,IV,thin,data\processed\10%_batch4_12min_4_thin.jpg,10%_batch4_12min_4_thin.jpg
10%,4,13,4,IV,thick,data\processed\10%_batch4_13min_4_thick.jpg,10%_batch4_13min_4_thick.jpg
10%,4,13,4,IV,thin,data\processed\10%_batch4_13min_4_thin.jpg,10%_batch4_13min_4_thin.jpg
10%,4,14,4,IV,thick,data\processed\10%_batch4_14min_4_thick.jpg,10%_batch4_14min_4_thick.jpg
10%,4,14,4,IV,thin,data\processed\10%_batch4_14min_4_thin.jpg,10%_batch4_14min_4_thin.jpg
10%,4,15,4,IV,thin,data\processed\10%_batch4_15min_4_thin.jpg,10%_batch4_15min_4_thin.jpg
10%,4,16,4,IV,thick,data\processed\10%_batch4_16min_4_thick.jpg,10%_batch4_16min_4_thick.jpg
10%,4,16,5,V,thin,data\processed\10%_batch4_16min_5_thin.jpg,10%_batch4_16min_5_thin.jpg
10%,4,17,4,IV,thick,data\processed\10%_batch4_17min_4_thick.jpg,10%_batch4_17min_4_thick.jpg
10%,4,17,4,IV,thin,data\processed\10%_batch4_17min_4_thin.jpg,10%_batch4_17min_4_thin.jpg
10%,4,18,4,IV,thick,data\processed\10%_batch4_18min_4_thick.jpg,10%_batch4_18min_4_thick.jpg
10%,4,18,5,V,thin,data\processed\10%_batch4_18min_5_thin.jpg,10%_batch4_18min_5_thin.jpg
10%,4,19,5,V,thick,data\processed\10%_batch4_19min_5_thick.jpg,10%_batch4_19min_5_thick.jpg
10%,4,19,4,IV,thin,data\processed\10%_batch4_19min_4_thin.jpg,10%_batch4_19min_4_thin.jpg
10%,4,20,5,V,thick,data\processed\10%_batch4_20min_5_thick.jpg,10%_batch4_20min_5_thick.jpg
10%,4,20,5,V,thin,data\processed\10%_batch4_20min_5_thin.jpg,10%_batch4_20min_5_thin.jpg
10%,5,5,2,II,thick,data\processed\10%_batch5_5min_2_thick.jpg,10%_batch5_5min_2_thick.jpg
10%,5,5,2,II,thin,data\processed\10%_batch5_5min_2_thin.jpg,10%_batch5_5min_2_thin.jpg
10%,5,6,2,II,thick,data\processed\10%_batch5_6min_2_thick.jpg,10%_batch5_6min_2_thick.jpg
10%,5,6,2,II,thin,data\processed\10%_batch5_6min_2_thin.jpg,10%_batch5_6min_2_thin.jpg
10%,5,7,2,II,thick,data\processed\10%_batch5_7min_2_thick.jpg,10%_batch5_7min_2_thick.jpg
10%,5,7,2,II,thin,data\processed\10%_batch5_7min_2_thin.jpg,10%_batch5_7min_2_thin.jpg
10%,5,8,2,II,thick,data\processed\10%_batch5_8min_2_thick.jpg,10%_batch5_8min_2_thick.jpg
10%,5,8,2,II,thin,data\processed\10%_batch5_8min_2_thin.jpg,10%_batch5_8min_2_thin.jpg
10%,5,9,2,II,thick,data\processed\10%_batch5_9min_2_thick.jpg,10%_batch5_9min_2_thick.jpg
10%,5,9,2,II,thin,data\processed\10%_batch5_9min_2_thin.jpg,10%_batch5_9min_2_thin.jpg
10%,5,10,3,III,thin,data\processed\10%_batch5_10min_3_thin.jpg,10%_batch5_10min_3_thin.jpg
10%,5,11,3,III,thick,data\processed\10%_batch5_11min_3_thick.jpg,10%_batch5_11min_3_thick.jpg
10%,5,11,3,III,thin,data\processed\10%_batch5_11min_3_thin.jpg,10%_batch5_11min_3_thin.jpg
10%,5,12,4,IV,thick,data\processed\10%_batch5_12min_4_thick.jpg,10%_batch5_12min_4_thick.jpg
10%,5,12,4,IV,thin,data\processed\10%_batch5_12min_4_thin.jpg,10%_batch5_12min_4_thin.jpg
10%,5,13,4,IV,thick,data\processed\10%_batch5_13min_4_thick.jpg,10%_batch5_13min_4_thick.jpg
10%,5,13,4,IV,thin,data\processed\10%_batch5_13min_4_thin.jpg,10%_batch5_13min_4_thin.jpg
10%,5,14,4,IV,thick,data\processed\10%_batch5_14min_4_thick.jpg,10%_batch5_14min_4_thick.jpg
10%,5,14,4,IV,thin,data\processed\10%_batch5_14min_4_thin.jpg,10%_batch5_14min_4_thin.jpg
10%,5,15,4,IV,thick,data\processed\10%_batch5_15min_4_thick.jpg,10%_batch5_15min_4_thick.jpg
10%,5,15,4,IV,thin,data\processed\10%_batch5_15min_4_thin.jpg,10%_batch5_15min_4_thin.jpg
10%,5,16,4,IV,thick,data\processed\10%_batch5_16min_4_thick.jpg,10%_batch5_16min_4_thick.jpg
10%,5,16,4,IV,thin,data\processed\10%_batch5_16min_4_thin.jpg,10%_batch5_16min_4_thin.jpg
10%,5,17,4,IV,thick,data\processed\10%_batch5_17min_4_thick.jpg,10%_batch5_17min_4_thick.jpg
10%,5,17,4,IV,thin,data\processed\10%_batch5_17min_4_thin.jpg,10%_batch5_17min_4_thin.jpg
10%,5,18,5,V,thick,data\processed\10%_batch5_18min_5_thick.jpg,10%_batch5_18min_5_thick.jpg
10%,5,18,5,V,thin,data\processed\10%_batch5_18min_5_thin.jpg,10%_batch5_18min_5_thin.jpg
10%,5,19,5,V,thick,data\processed\10%_batch5_19min_5_thick.jpg,10%_batch5_19min_5_thick.jpg
10%,5,19,5,V,thin,data\processed\10%_batch5_19min_5_thin.jpg,10%_batch5_19min_5_thin.jpg
10%,5,20,5,V,thick,data\processed\10%_batch5_20min_5_thick.jpg,10%_batch5_20min_5_thick.jpg
10%,5,20,5,V,thin,data\processed\10%_batch5_20min_5_thin.jpg,10%_batch5_20min_5_thin.jpg
10%,6,5,2,II,thick,data\processed\10%_batch6_5min_2_thick.jpg,10%_batch6_5min_2_thick.jpg
10%,6,5,2,II,thin,data\processed\10%_batch6_5min_2_thin.jpg,10%_batch6_5min_2_thin.jpg
10%,6,6,2,II,thick,data\processed\10%_batch6_6min_2_thick.jpg,10%_batch6_6min_2_thick.jpg
10%,6,6,2,II,thin,data\processed\10%_batch6_6min_2_thin.jpg,10%_batch6_6min_2_thin.jpg
10%,6,7,2,II,thick,data\processed\10%_batch6_7min_2_thick.jpg,10%_batch6_7min_2_thick.jpg
10%,6,7,2,II,thin,data\processed\10%_batch6_7min_2_thin.jpg,10%_batch6_7min_2_thin.jpg
10%,6,8,2,II,thick,data\processed\10%_batch6_8min_2_thick.jpg,10%_batch6_8min_2_thick.jpg
10%,6,8,2,II,thin,data\processed\10%_batch6_8min_2_thin.jpg,10%_batch6_8min_2_thin.jpg
10%,6,9,2,II,thick,data\processed\10%_batch6_9min_2_thick.jpg,10%_batch6_9min_2_thick.jpg
10%,6,9,2,II,thin,data\processed\10%_batch6_9min_2_thin.jpg,10%_batch6_9min_2_thin.jpg
10%,6,10,3,III,thick,data\processed\10%_batch6_10min_3_thick.jpg,10%_batch6_10min_3_thick.jpg
10%,6,10,3,III,thin,data\processed\10%_batch6_10min_3_thin.jpg,10%_batch6_10min_3_thin.jpg
10%,6,11,3,III,thick,data\processed\10%_batch6_11min_3_thick.jpg,10%_batch6_11min_3_thick.jpg
10%,6,11,3,III,thin,data\processed\10%_batch6_11min_3_thin.jpg,10%_batch6_11min_3_thin.jpg
10%,6,12,4,IV,thick,data\processed\10%_batch6_12min_4_thick.jpg,10%_batch6_12min_4_thick.jpg
10%,6,12,4,IV,thin,data\processed\10%_batch6_12min_4_thin.jpg,10%_batch6_12min_4_thin.jpg
10%,6,13,4,IV,thick,data\processed\10%_batch6_13min_4_thick.jpg,10%_batch6_13min_4_thick.jpg
10%,6,13,4,IV,thin,data\processed\10%_batch6_13min_4_thin.jpg,10%_batch6_13min_4_thin.jpg
10%,6,14,4,IV,thick,data\processed\10%_batch6_14min_4_thick.jpg,10%_batch6_14min_4_thick.jpg
10%,6,14,4,IV,thin,data\processed\10%_batch6_14min_4_thin.jpg,10%_batch6_14min_4_thin.jpg
10%,6,15,4,IV,thick,data\processed\10%_batch6_15min_4_thick.jpg,10%_batch6_15min_4_thick.jpg
10%,6,15,4,IV,thin,data\processed\10%_batch6_15min_4_thin.jpg,10%_batch6_15min_4_thin.jpg
10%,6,16,4,IV,thick,data\processed\10%_batch6_16min_4_thick.jpg,10%_batch6_16min_4_thick.jpg
10%,6,16,4,IV,thin,data\processed\10%_batch6_16min_4_thin.jpg,10%_batch6_16min_4_thin.jpg
10%,6,17,4,IV,thick,data\processed\10%_batch6_17min_4_thick.jpg,10%_batch6_17min_4_thick.jpg
10%,6,17,4,IV,thin,data\processed\10%_batch6_17min_4_thin.jpg,10%_batch6_17min_4_thin.jpg
10%,6,18,5,V,thick,data\processed\10%_batch6_18min_5_thick.jpg,10%_batch6_18min_5_thick.jpg
10%,6,18,4,IV,thin,data\processed\10%_batch6_18min_4_thin.jpg,10%_batch6_18min_4_thin.jpg
10%,6,19,5,V,thick,data\processed\10%_batch6_19min_5_thick.jpg,10%_batch6_19min_5_thick.jpg
10%,6,19,4,IV,thin,data\processed\10%_batch6_19min_4_thin.jpg,10%_batch6_19min_4_thin.jpg
10%,6,20,5,V,thick,data\processed\10%_batch6_20min_5_thick.jpg,10%_batch6_20min_5_thick.jpg
10%,6,20,5,V,thin,data\processed\10%_batch6_20min_5_thin.jpg,10%_batch6_20min_5_thin.jpg
10%,7,5,2,II,thick,data\processed\10%_batch7_5min_2_thick.jpg,10%_batch7_5min_2_thick.jpg
10%,7,5,2,II,thin,data\processed\10%_batch7_5min_2_thin.jpg,10%_batch7_5min_2_thin.jpg
10%,7,6,2,II,thick,data\processed\10%_batch7_6min_2_thick.jpg,10%_batch7_6min_2_thick.jpg
10%,7,6,2,II,thin,data\processed\10%_batch7_6min_2_thin.jpg,10%_batch7_6min_2_thin.jpg
10%,7,7,2,II,thick,data\processed\10%_batch7_7min_2_thick.jpg,10%_batch7_7min_2_thick.jpg
10%,7,7,2,II,thin,data\processed\10%_batch7_7min_2_thin.jpg,10%_batch7_7min_2_thin.jpg
10%,7,8,2,II,thick,data\processed\10%_batch7_8min_2_thick.jpg,10%_batch7_8min_2_thick.jpg
10%,7,8,2,II,thin,data\processed\10%_batch7_8min_2_thin.jpg,10%_batch7_8min_2_thin.jpg
10%,7,9,2,II,thick,data\processed\10%_batch7_9min_2_thick.jpg,10%_batch7_9min_2_thick.jpg
10%,7,9,2,II,thin,data\processed\10%_batch7_9min_2_thin.jpg,10%_batch7_9min_2_thin.jpg
10%,7,10,3,III,thick,data\processed\10%_batch7_10min_3_thick.jpg,10%_batch7_10min_3_thick.jpg
10%,7,10,3,III,thin,data\processed\10%_batch7_10min_3_thin.jpg,10%_batch7_10min_3_thin.jpg
10%,7,11,3,III,thick,data\processed\10%_batch7_11min_3_thick.jpg,10%_batch7_11min_3_thick.jpg
10%,7,11,3,III,thin,data\processed\10%_batch7_11min_3_thin.jpg,10%_batch7_11min_3_thin.jpg
10%,7,12,4,IV,thick,data\processed\10%_batch7_12min_4_thick.jpg,10%_batch7_12min_4_thick.jpg
10%,7,12,4,IV,thin,data\processed\10%_batch7_12min_4_thin.jpg,10%_batch7_12min_4_thin.jpg
10%,7,13,4,IV,thick,data\processed\10%_batch7_13min_4_thick.jpg,10%_batch7_13min_4_thick.jpg
10%,7,13,4,IV,thin,data\processed\10%_batch7_13min_4_thin.jpg,10%_batch7_13min_4_thin.jpg
10%,7,14,4,IV,thick,data\processed\10%_batch7_14min_4_thick.jpg,10%_batch7_14min_4_thick.jpg
10%,7,14,4,IV,thin,data\processed\10%_batch7_14min_4_thin.jpg,10%_batch7_14min_4_thin.jpg
10%,7,15,4,IV,thick,data\processed\10%_batch7_15min_4_thick.jpg,10%_batch7_15min_4_thick.jpg
10%,7,15,4,IV,thin,data\processed\10%_batch7_15min_4_thin.jpg,10%_batch7_15min_4_thin.jpg
10%,7,16,4,IV,thick,data\processed\10%_batch7_16min_4_thick.jpg,10%_batch7_16min_4_thick.jpg
10%,7,16,4,IV,thin,data\processed\10%_batch7_16min_4_thin.jpg,10%_batch7_16min_4_thin.jpg
10%,7,17,5,V,thick,data\processed\10%_batch7_17min_5_thick.jpg,10%_batch7_17min_5_thick.jpg
10%,7,17,5,V,thin,data\processed\10%_batch7_17min_5_thin.jpg,10%_batch7_17min_5_thin.jpg
10%,7,18,5,V,thick,data\processed\10%_batch7_18min_5_thick.jpg,10%_batch7_18min_5_thick.jpg
10%,7,18,5,V,thin,data\processed\10%_batch7_18min_5_thin.jpg,10%_batch7_18min_5_thin.jpg
10%,7,19,5,V,thick,data\processed\10%_batch7_19min_5_thick.jpg,10%_batch7_19min_5_thick.jpg
10%,7,19,5,V,thin,data\processed\10%_batch7_19min_5_thin.jpg,10%_batch7_19min_5_thin.jpg
10%,7,20,5,V,thick,data\processed\10%_batch7_20min_5_thick.jpg,10%_batch7_20min_5_thick.jpg
10%,7,20,5,V,thin,data\processed\10%_batch7_20min_5_thin.jpg,10%_batch7_20min_5_thin.jpg
3%,1,30,3,III,thick,data\processed\3%_batch1_30min_3_thick.jpg,3%_batch1_30min_3_thick.jpg
3%,1,30,3,III,thin,data\processed\3%_batch1_30min_3_thin.jpg,3%_batch1_30min_3_thin.jpg
3%,1,31,4,IV,thick,data\processed\3%_batch1_31min_4_thick.jpg,3%_batch1_31min_4_thick.jpg
3%,1,31,4,IV,thin,data\processed\3%_batch1_31min_4_thin.jpg,3%_batch1_31min_4_thin.jpg
3%,1,32,4,IV,thick,data\processed\3%_batch1_32min_4_thick.jpg,3%_batch1_32min_4_thick.jpg
3%,1,32,4,IV,thin,data\processed\3%_batch1_32min_4_thin.jpg,3%_batch1_32min_4_thin.jpg
3%,1,33,4,IV,thick,data\processed\3%_batch1_33min_4_thick.jpg,3%_batch1_33min_4_thick.jpg
3%,1,33,4,IV,thin,data\processed\3%_batch1_33min_4_thin.jpg,3%_batch1_33min_4_thin.jpg
3%,1,34,4,IV,thick,data\processed\3%_batch1_34min_4_thick.jpg,3%_batch1_34min_4_thick.jpg
3%,1,34,4,IV,thin,data\processed\3%_batch1_34min_4_thin.jpg,3%_batch1_34min_4_thin.jpg
3%,1,35,4,IV,thick,data\processed\3%_batch1_35min_4_thick.jpg,3%_batch1_35min_4_thick.jpg
3%,1,35,4,IV,thin,data\processed\3%_batch1_35min_4_thin.jpg,3%_batch1_35min_4_thin.jpg
3%,1,36,4,IV,thick,data\processed\3%_batch1_36min_4_thick.jpg,3%_batch1_36min_4_thick.jpg
3%,1,36,4,IV,thin,data\processed\3%_batch1_36min_4_thin.jpg,3%_batch1_36min_4_thin.jpg
3%,1,37,4,IV,thick,data\processed\3%_batch1_37min_4_thick.jpg,3%_batch1_37min_4_thick.jpg
3%,1,37,4,IV,thin,data\processed\3%_batch1_37min_4_thin.jpg,3%_batch1_37min_4_thin.jpg
3%,1,38,4,IV,thick,data\processed\3%_batch1_38min_4_thick.jpg,3%_batch1_38min_4_thick.jpg
3%,1,38,4,IV,thin,data\processed\3%_batch1_38min_4_thin.jpg,3%_batch1_38min_4_thin.jpg
3%,1,39,4,IV,thick,data\processed\3%_batch1_39min_4_thick.jpg,3%_batch1_39min_4_thick.jpg
3%,1,39,4,IV,thin,data\processed\3%_batch1_39min_4_thin.jpg,3%_batch1_39min_4_thin.jpg
3%,1,40,5,V,thick,data\processed\3%_batch1_40min_5_thick.jpg,3%_batch1_40min_5_thick.jpg
3%,1,40,3,III,thin,data\processed\3%_batch1_40min_3_thin.jpg,3%_batch1_40min_3_thin.jpg
3%,1,41,5,V,thick,data\processed\3%_batch1_41min_5_thick.jpg,3%_batch1_41min_5_thick.jpg
3%,1,41,4,IV,thin,data\processed\3%_batch1_41min_4_thin.jpg,3%_batch1_41min_4_thin.jpg
3%,2,27,4,IV,thick,data\processed\3%_batch2_27min_4_thick.jpg,3%_batch2_27min_4_thick.jpg
3%,2,27,4,IV,thin,data\processed\3%_batch2_27min_4_thin.jpg,3%_batch2_27min_4_thin.jpg
3%,2,28,2,II,thick,data\processed\3%_batch2_28min_2_thick.jpg,3%_batch2_28min_2_thick.jpg
3%,2,28,2,II,thin,data\processed\3%_batch2_28min_2_thin.jpg,3%_batch2_28min_2_thin.jpg
3%,2,29,2,II,thick,data\processed\3%_batch2_29min_2_thick.jpg,3%_batch2_29min_2_thick.jpg
3%,2,29,3,III,thin,data\processed\3%_batch2_29min_3_thin.jpg,3%_batch2_29min_3_thin.jpg
3%,2,30,2,II,thick,data\processed\3%_batch2_30min_2_thick.jpg,3%_batch2_30min_2_thick.jpg
3%,2,30,3,III,thin,data\processed\3%_batch2_30min_3_thin.jpg,3%_batch2_30min_3_thin.jpg
3%,2,31,3,III,thick,data\processed\3%_batch2_31min_3_thick.jpg,3%_batch2_31min_3_thick.jpg
3%,2,31,3,III,thin,data\processed\3%_batch2_31min_3_thin.jpg,3%_batch2_31min_3_thin.jpg
3%,2,32,3,III,thick,data\processed\3%_batch2_32min_3_thick.jpg,3%_batch2_32min_3_thick.jpg
3%,2,32,3,III,thin,data\processed\3%_batch2_32min_3_thin.jpg,3%_batch2_32min_3_thin.jpg
3%,2,33,4,IV,thick,data\processed\3%_batch2_33min_4_thick.jpg,3%_batch2_33min_4_thick.jpg
3%,2,33,4,IV,thin,data\processed\3%_batch2_33min_4_thin.jpg,3%_batch2_33min_4_thin.jpg
3%,2,34,4,IV,thick,data\processed\3%_batch2_34min_4_thick.jpg,3%_batch2_34min_4_thick.jpg
3%,2,34,4,IV,thin,data\processed\3%_batch2_34min_4_thin.jpg,3%_batch2_34min_4_thin.jpg
3%,2,35,4,IV,thick,data\processed\3%_batch2_35min_4_thick.jpg,3%_batch2_35min_4_thick.jpg
3%,2,35,4,IV,thin,data\processed\3%_batch2_35min_4_thin.jpg,3%_batch2_35min_4_thin.jpg
3%,2,36,4,IV,thick,data\processed\3%_batch2_36min_4_thick.jpg,3%_batch2_36min_4_thick.jpg
3%,2,36,4,IV,thin,data\processed\3%_batch2_36min_4_thin.jpg,3%_batch2_36min_4_thin.jpg
3%,2,37,4,IV,thick,data\processed\3%_batch2_37min_4_thick.jpg,3%_batch2_37min_4_thick.jpg
3%,2,37,4,IV,thin,data\processed\3%_batch2_37min_4_thin.jpg,3%_batch2_37min_4_thin.jpg
3%,2,38,4,IV,thick,data\processed\3%_batch2_38min_4_thick.jpg,3%_batch2_38min_4_thick.jpg
3%,2,38,4,IV,thin,data\processed\3%_batch2_38min_4_thin.jpg,3%_batch2_38min_4_thin.jpg
3%,2,39,5,V,thick,data\processed\3%_batch2_39min_5_thick.jpg,3%_batch2_39min_5_thick.jpg
3%,2,39,4,IV,thin,data\processed\3%_batch2_39min_4_thin.jpg,3%_batch2_39min_4_thin.jpg
3%,2,40,5,V,thick,data\processed\3%_batch2_40min_5_thick.jpg,3%_batch2_40min_5_thick.jpg
3%,2,40,4,IV,thin,data\processed\3%_batch2_40min_4_thin.jpg,3%_batch2_40min_4_thin.jpg
3%,2,41,5,V,thick,data\processed\3%_batch2_41min_5_thick.jpg,3%_batch2_41min_5_thick.jpg
3%,2,41,5,V,thin,data\processed\3%_batch2_41min_5_thin.jpg,3%_batch2_41min_5_thin.jpg
3%,3,27,2,II,thick,data\processed\3%_batch3_27min_2_thick.jpg,3%_batch3_27min_2_thick.jpg
3%,3,27,3,III,thin,data\processed\3%_batch3_27min_3_thin.jpg,3%_batch3_27min_3_thin.jpg
3%,3,28,3,III,thick,data\processed\3%_batch3_28min_3_thick.jpg,3%_batch3_28min_3_thick.jpg
3%,3,28,2,II,thin,data\processed\3%_batch3_28min_2_thin.jpg,3%_batch3_28min_2_thin.jpg
3%,3,29,2,II,thick,data\processed\3%_batch3_29min_2_thick.jpg,3%_batch3_29min_2_thick.jpg
3%,3,29,3,III,thin,data\processed\3%_batch3_29min_3_thin.jpg,3%_batch3_29min_3_thin.jpg
3%,3,30,2,II,thick,data\processed\3%_batch3_30min_2_thick.jpg,3%_batch3_30min_2_thick.jpg
3%,3,30,3,III,thin,data\processed\3%_batch3_30min_3_thin.jpg,3%_batch3_30min_3_thin.jpg
3%,3,31,3,III,thick,data\processed\3%_batch3_31min_3_thick.jpg,3%_batch3_31min_3_thick.jpg
3%,3,31,3,III,thin,data\processed\3%_batch3_31min_3_thin.jpg,3%_batch3_31min_3_thin.jpg
3%,3,32,3,III,thick,data\processed\3%_batch3_32min_3_thick.jpg,3%_batch3_32min_3_thick.jpg
3%,3,32,3,III,thin,data\processed\3%_batch3_32min_3_thin.jpg,3%_batch3_32min_3_thin.jpg
3%,3,33,3,III,thin,data\processed\3%_batch3_33min_3_thin.jpg,3%_batch3_33min_3_thin.jpg
3%,3,34,4,IV,thick,data\processed\3%_batch3_34min_4_thick.jpg,3%_batch3_34min_4_thick.jpg
3%,3,34,3,III,thin,data\processed\3%_batch3_34min_3_thin.jpg,3%_batch3_34min_3_thin.jpg
3%,3,35,4,IV,thick,data\processed\3%_batch3_35min_4_thick.jpg,3%_batch3_35min_4_thick.jpg
3%,3,35,4,IV,thin,data\processed\3%_batch3_35min_4_thin.jpg,3%_batch3_35min_4_thin.jpg
3%,3,36,4,IV,thick,data\processed\3%_batch3_36min_4_thick.jpg,3%_batch3_36min_4_thick.jpg
3%,3,36,4,IV,thin,data\processed\3%_batch3_36min_4_thin.jpg,3%_batch3_36min_4_thin.jpg
3%,3,37,4,IV,thick,data\processed\3%_batch3_37min_4_thick.jpg,3%_batch3_37min_4_thick.jpg
3%,3,37,4,IV,thin,data\processed\3%_batch3_37min_4_thin.jpg,3%_batch3_37min_4_thin.jpg
3%,3,38,4,IV,thick,data\processed\3%_batch3_38min_4_thick.jpg,3%_batch3_38min_4_thick.jpg
3%,3,38,4,IV,thin,data\processed\3%_batch3_38min_4_thin.jpg,3%_batch3_38min_4_thin.jpg
3%,3,39,5,V,thick,data\processed\3%_batch3_39min_5_thick.jpg,3%_batch3_39min_5_thick.jpg
3%,3,39,4,IV,thin,data\processed\3%_batch3_39min_4_thin.jpg,3%_batch3_39min_4_thin.jpg
3%,3,40,5,V,thick,data\processed\3%_batch3_40min_5_thick.jpg,3%_batch3_40min_5_thick.jpg
3%,3,40,5,V,thin,data\processed\3%_batch3_40min_5_thin.jpg,3%_batch3_40min_5_thin.jpg
3%,3,41,5,V,thick,data\processed\3%_batch3_41min_5_thick.jpg,3%_batch3_41min_5_thick.jpg
3%,3,41,5,V,thin,data\processed\3%_batch3_41min_5_thin.jpg,3%_batch3_41min_5_thin.jpg
3%,4,24,3,III,thin,data\processed\3%_batch4_24min_3_thin.jpg,3%_batch4_24min_3_thin.jpg
3%,4,27,2,II,thick,data\processed\3%_batch4_27min_2_thick.jpg,3%_batch4_27min_2_thick.jpg
3%,4,27,3,III,thin,data\processed\3%_batch4_27min_3_thin.jpg,3%_batch4_27min_3_thin.jpg
3%,4,28,2,II,thick,data\processed\3%_batch4_28min_2_thick.jpg,3%_batch4_28min_2_thick.jpg
3%,4,28,2,II,thin,data\processed\3%_batch4_28min_2_thin.jpg,3%_batch4_28min_2_thin.jpg
3%,4,29,2,II,thick,data\processed\3%_batch4_29min_2_thick.jpg,3%_batch4_29min_2_thick.jpg
3%,4,30,2,II,thick,data\processed\3%_batch4_30min_2_thick.jpg,3%_batch4_30min_2_thick.jpg
3%,4,30,2,II,thin,data\processed\3%_batch4_30min_2_thin.jpg,3%_batch4_30min_2_thin.jpg
3%,4,31,2,II,thick,data\processed\3%_batch4_31min_2_thick.jpg,3%_batch4_31min_2_thick.jpg
3%,4,31,2,II,thin,data\processed\3%_batch4_31min_2_thin.jpg,3%_batch4_31min_2_thin.jpg
3%,4,32,3,III,thick,data\processed\3%_batch4_32min_3_thick.jpg,3%_batch4_32min_3_thick.jpg
3%,4,32,2,II,thin,data\processed\3%_batch4_32min_2_thin.jpg,3%_batch4_32min_2_thin.jpg
3%,4,32,3,III,thin,data\processed\3%_batch4_32min_3_thin.jpg,3%_batch4_32min_3_thin.jpg
3%,4,35,3,III,thick,data\processed\3%_batch4_35min_3_thick.jpg,3%_batch4_35min_3_thick.jpg
3%,4,35,3,III,thin,data\processed\3%_batch4_35min_3_thin.jpg,3%_batch4_35min_3_thin.jpg
3%,4,36,3,III,thick,data\processed\3%_batch4_36min_3_thick.jpg,3%_batch4_36min_3_thick.jpg
3%,4,36,3,III,thin,data\processed\3%_batch4_36min_3_thin.jpg,3%_batch4_36min_3_thin.jpg
3%,4,37,4,IV,thick,data\processed\3%_batch4_37min_4_thick.jpg,3%_batch4_37min_4_thick.jpg
3%,4,37,4,IV,thin,data\processed\3%_batch4_37min_4_thin.jpg,3%_batch4_37min_4_thin.jpg
3%,4,38,4,IV,thick,data\processed\3%_batch4_38min_4_thick.jpg,3%_batch4_38min_4_thick.jpg
3%,4,38,4,IV,thin,data\processed\3%_batch4_38min_4_thin.jpg,3%_batch4_38min_4_thin.jpg
3%,4,39,4,IV,thick,data\processed\3%_batch4_39min_4_thick.jpg,3%_batch4_39min_4_thick.jpg
3%,4,39,4,IV,thin,data\processed\3%_batch4_39min_4_thin.jpg,3%_batch4_39min_4_thin.jpg
3%,4,40,4,IV,thick,data\processed\3%_batch4_40min_4_thick.jpg,3%_batch4_40min_4_thick.jpg
3%,4,40,4,IV,thin,data\processed\3%_batch4_40min_4_thin.jpg,3%_batch4_40min_4_thin.jpg
3%,4,41,5,V,thick,data\processed\3%_batch4_41min_5_thick.jpg,3%_batch4_41min_5_thick.jpg
3%,4,41,5,V,thin,data\processed\3%_batch4_41min_5_thin.jpg,3%_batch4_41min_5_thin.jpg
3%,5,27,2,II,thick,data\processed\3%_batch5_27min_2_thick.jpg,3%_batch5_27min_2_thick.jpg
3%,5,27,2,II,thin,data\processed\3%_batch5_27min_2_thin.jpg,3%_batch5_27min_2_thin.jpg
3%,5,28,2,II,thick,data\processed\3%_batch5_28min_2_thick.jpg,3%_batch5_28min_2_thick.jpg
3%,5,28,2,II,thin,data\processed\3%_batch5_28min_2_thin.jpg,3%_batch5_28min_2_thin.jpg
3%,5,29,3,III,thick,data\processed\3%_batch5_29min_3_thick.jpg,3%_batch5_29min_3_thick.jpg
3%,5,29,3,III,thin,data\processed\3%_batch5_29min_3_thin.jpg,3%_batch5_29min_3_thin.jpg
3%,5,30,3,III,thick,data\processed\3%_batch5_30min_3_thick.jpg,3%_batch5_30min_3_thick.jpg
3%,5,30,3,III,thin,data\processed\3%_batch5_30min_3_thin.jpg,3%_batch5_30min_3_thin.jpg
3%,5,31,3,III,thick,data\processed\3%_batch5_31min_3_thick.jpg,3%_batch5_31min_3_thick.jpg
3%,5,32,3,III,thick,data\processed\3%_batch5_32min_3_thick.jpg,3%_batch5_32min_3_thick.jpg
3%,5,32,3,III,thin,data\processed\3%_batch5_32min_3_thin.jpg,3%_batch5_32min_3_thin.jpg
3%,5,33,4,IV,thick,data\processed\3%_batch5_33min_4_thick.jpg,3%_batch5_33min_4_thick.jpg
3%,5,33,4,IV,thin,data\processed\3%_batch5_33min_4_thin.jpg,3%_batch5_33min_4_thin.jpg
3%,5,34,4,IV,thick,data\processed\3%_batch5_34min_4_thick.jpg,3%_batch5_34min_4_thick.jpg
3%,5,34,4,IV,thin,data\processed\3%_batch5_34min_4_thin.jpg,3%_batch5_34min_4_thin.jpg
3%,5,35,4,IV,thick,data\processed\3%_batch5_35min_4_thick.jpg,3%_batch5_35min_4_thick.jpg
3%,5,35,4,IV,thin,data\processed\3%_batch5_35min_4_thin.jpg,3%_batch5_35min_4_thin.jpg
3%,5,36,4,IV,thick,data\processed\3%_batch5_36min_4_thick.jpg,3%_batch5_36min_4_thick.jpg
3%,5,36,4,IV,thin,data\processed\3%_batch5_36min_4_thin.jpg,3%_batch5_36min_4_thin.jpg
3%,5,37,4,IV,thick,data\processed\3%_batch5_37min_4_thick.jpg,3%_batch5_37min_4_thick.jpg
3%,5,37,4,IV,thin,data\processed\3%_batch5_37min_4_thin.jpg,3%_batch5_37min_4_thin.jpg
3%,5,38,4,IV,thick,data\processed\3%_batch5_38min_4_thick.jpg,3%_batch5_38min_4_thick.jpg
3%,5,38,4,IV,thin,data\processed\3%_batch5_38min_4_thin.jpg,3%_batch5_38min_4_thin.jpg
3%,5,39,4,IV,thick,data\processed\3%_batch5_39min_4_thick.jpg,3%_batch5_39min_4_thick.jpg
3%,5,39,5,V,thin,data\processed\3%_batch5_39min_5_thin.jpg,3%_batch5_39min_5_thin.jpg
3%,5,40,5,V,thin,data\processed\3%_batch5_40min_5_thin.jpg,3%_batch5_40min_5_thin.jpg
3%,5,41,5,V,thick,data\processed\3%_batch5_41min_5_thick.jpg,3%_batch5_41min_5_thick.jpg
3%,5,41,5,V,thin,data\processed\3%_batch5_41min_5_thin.jpg,3%_batch5_41min_5_thin.jpg
3%,6,27,2,II,thick,data\processed\3%_batch6_27min_2_thick.jpg,3%_batch6_27min_2_thick.jpg
3%,6,27,2,II,thin,data\processed\3%_batch6_27min_2_thin.jpg,3%_batch6_27min_2_thin.jpg
3%,6,28,2,II,thick,data\processed\3%_batch6_28min_2_thick.jpg,3%_batch6_28min_2_thick.jpg
3%,6,28,2,II,thin,data\processed\3%_batch6_28min_2_thin.jpg,3%_batch6_28min_2_thin.jpg
3%,6,29,2,II,thick,data\processed\3%_batch6_29min_2_thick.jpg,3%_batch6_29min_2_thick.jpg
3%,6,29,2,II,thin,data\processed\3%_batch6_29min_2_thin.jpg,3%_batch6_29min_2_thin.jpg
3%,6,30,3,III,thick,data\processed\3%_batch6_30min_3_thick.jpg,3%_batch6_30min_3_thick.jpg
3%,6,30,3,III,thin,data\processed\3%_batch6_30min_3_thin.jpg,3%_batch6_30min_3_thin.jpg
3%,6,31,3,III,thick,data\processed\3%_batch6_31min_3_thick.jpg,3%_batch6_31min_3_thick.jpg
3%,6,31,3,III,thin,data\processed\3%_batch6_31min_3_thin.jpg,3%_batch6_31min_3_thin.jpg
3%,6,32,3,III,thick,data\processed\3%_batch6_32min_3_thick.jpg,3%_batch6_32min_3_thick.jpg
3%,6,32,3,III,thin,data\processed\3%_batch6_32min_3_thin.jpg,3%_batch6_32min_3_thin.jpg
3%,6,33,3,III,thick,data\processed\3%_batch6_33min_3_thick.jpg,3%_batch6_33min_3_thick.jpg
3%,6,33,3,III,thin,data\processed\3%_batch6_33min_3_thin.jpg,3%_batch6_33min_3_thin.jpg
3%,6,34,3,III,thick,data\processed\3%_batch6_34min_3_thick.jpg,3%_batch6_34min_3_thick.jpg
3%,6,34,3,III,thin,data\processed\3%_batch6_34min_3_thin.jpg,3%_batch6_34min_3_thin.jpg
3%,6,35,2,II,thick,data\processed\3%_batch6_35min_2_thick.jpg,3%_batch6_35min_2_thick.jpg
3%,6,35,2,II,thin,data\processed\3%_batch6_35min_2_thin.jpg,3%_batch6_35min_2_thin.jpg
3%,6,36,2,II,thick,data\processed\3%_batch6_36min_2_thick.jpg,3%_batch6_36min_2_thick.jpg
3%,7,27,2,II,thick,data\processed\3%_batch7_27min_2_thick.jpg,3%_batch7_27min_2_thick.jpg
3%,7,27,2,II,thin,data\processed\3%_batch7_27min_2_thin.jpg,3%_batch7_27min_2_thin.jpg
3%,7,28,2,II,thick,data\processed\3%_batch7_28min_2_thick.jpg,3%_batch7_28min_2_thick.jpg
3%,7,28,2,II,thin,data\processed\3%_batch7_28min_2_thin.jpg,3%_batch7_28min_2_thin.jpg
3%,7,29,2,II,thick,data\processed\3%_batch7_29min_2_thick.jpg,3%_batch7_29min_2_thick.jpg
3%,7,29,2,II,thin,data\processed\3%_batch7_29min_2_thin.jpg,3%_batch7_29min_2_thin.jpg
3%,7,30,3,III,thick,data\processed\3%_batch7_30min_3_thick.jpg,3%_batch7_30min_3_thick.jpg
3%,7,30,3,III,thin,data\processed\3%_batch7_30min_3_thin.jpg,3%_batch7_30min_3_thin.jpg
3%,7,31,3,III,thin,data\processed\3%_batch7_31min_3_thin.jpg,3%_batch7_31min_3_thin.jpg
3%,7,32,3,III,thick,data\processed\3%_batch7_32min_3_thick.jpg,3%_batch7_32min_3_thick.jpg
3%,7,32,3,III,thin,data\processed\3%_batch7_32min_3_thin.jpg,3%_batch7_32min_3_thin.jpg
3%,7,33,4,IV,thick,data\processed\3%_batch7_33min_4_thick.jpg,3%_batch7_33min_4_thick.jpg
3%,7,33,4,IV,thin,data\processed\3%_batch7_33min_4_thin.jpg,3%_batch7_33min_4_thin.jpg
3%,7,34,4,IV,thick,data\processed\3%_batch7_34min_4_thick.jpg,3%_batch7_34min_4_thick.jpg
3%,7,35,4,IV,thick,data\processed\3%_batch7_35min_4_thick.jpg,3%_batch7_35min_4_thick.jpg
3%,7,35,4,IV,thin,data\processed\3%_batch7_35min_4_thin.jpg,3%_batch7_35min_4_thin.jpg
3%,7,36,4,IV,thick,data\processed\3%_batch7_36min_4_thick.jpg,3%_batch7_36min_4_thick.jpg
3%,7,36,4,IV,thin,data\processed\3%_batch7_36min_4_thin.jpg,3%_batch7_36min_4_thin.jpg
3%,7,37,5,V,thick,data\processed\3%_batch7_37min_5_thick.jpg,3%_batch7_37min_5_thick.jpg
3%,7,37,4,IV,thin,data\processed\3%_batch7_37min_4_thin.jpg,3%_batch7_37min_4_thin.jpg
3%,7,38,4,IV,thick,data\processed\3%_batch7_38min_4_thick.jpg,3%_batch7_38min_4_thick.jpg
3%,7,38,4,IV,thin,data\processed\3%_batch7_38min_4_thin.jpg,3%_batch7_38min_4_thin.jpg
3%,7,39,4,IV,thin,data\processed\3%_batch7_39min_4_thin.jpg,3%_batch7_39min_4_thin.jpg
3%,7,40,5,V,thick,data\processed\3%_batch7_40min_5_thick.jpg,3%_batch7_40min_5_thick.jpg
3%,7,40,5,V,thin,data\processed\3%_batch7_40min_5_thin.jpg,3%_batch7_40min_5_thin.jpg
3%,7,41,5,V,thick,data\processed\3%_batch7_41min_5_thick.jpg,3%_batch7_41min_5_thick.jpg
3%,7,41,5,V,thin,data\processed\3%_batch7_41min_5_thin.jpg,3%_batch7_41min_5_thin.jpg
3%,8,26,2,II,thick,data\processed\3%_batch8_26min_2_thick.jpg,3%_batch8_26min_2_thick.jpg
3%,8,26,2,II,thin,data\processed\3%_batch8_26min_2_thin.jpg,3%_batch8_26min_2_thin.jpg
3%,8,27,2,II,thick,data\processed\3%_batch8_27min_2_thick.jpg,3%_batch8_27min_2_thick.jpg
3%,8,27,2,II,thin,data\processed\3%_batch8_27min_2_thin.jpg,3%_batch8_27min_2_thin.jpg
3%,8,28,2,II,thick,data\processed\3%_batch8_28min_2_thick.jpg,3%_batch8_28min_2_thick.jpg
3%,8,28,2,II,thin,data\processed\3%_batch8_28min_2_thin.jpg,3%_batch8_28min_2_thin.jpg
3%,8,29,2,II,thick,data\processed\3%_batch8_29min_2_thick.jpg,3%_batch8_29min_2_thick.jpg
3%,8,29,2,II,thin,data\processed\3%_batch8_29min_2_thin.jpg,3%_batch8_29min_2_thin.jpg
3%,8,30,3,III,thick,data\processed\3%_batch8_30min_3_thick.jpg,3%_batch8_30min_3_thick.jpg
3%,8,30,3,III,thin,data\processed\3%_batch8_30min_3_thin.jpg,3%_batch8_30min_3_thin.jpg
3%,8,31,3,III,thick,data\processed\3%_batch8_31min_3_thick.jpg,3%_batch8_31min_3_thick.jpg
3%,8,31,4,IV,thin,data\processed\3%_batch8_31min_4_thin.jpg,3%_batch8_31min_4_thin.jpg
3%,8,32,4,IV,thick,data\processed\3%_batch8_32min_4_thick.jpg,3%_batch8_32min_4_thick.jpg
3%,8,32,4,IV,thin,data\processed\3%_batch8_32min_4_thin.jpg,3%_batch8_32min_4_thin.jpg
3%,8,33,4,IV,thick,data\processed\3%_batch8_33min_4_thick.jpg,3%_batch8_33min_4_thick.jpg
3%,8,33,4,IV,thin,data\processed\3%_batch8_33min_4_thin.jpg,3%_batch8_33min_4_thin.jpg
3%,8,34,4,IV,thick,data\processed\3%_batch8_34min_4_thick.jpg,3%_batch8_34min_4_thick.jpg
3%,8,34,4,IV,thin,data\processed\3%_batch8_34min_4_thin.jpg,3%_batch8_34min_4_thin.jpg
3%,8,35,4,IV,thick,data\processed\3%_batch8_35min_4_thick.jpg,3%_batch8_35min_4_thick.jpg
3%,8,35,4,IV,thin,data\processed\3%_batch8_35min_4_thin.jpg,3%_batch8_35min_4_thin.jpg
3%,8,36,4,IV,thick,data\processed\3%_batch8_36min_4_thick.jpg,3%_batch8_36min_4_thick.jpg
3%,8,36,4,IV,thin,data\processed\3%_batch8_36min_4_thin.jpg,3%_batch8_36min_4_thin.jpg
3%,8,37,4,IV,thick,data\processed\3%_batch8_37min_4_thick.jpg,3%_batch8_37min_4_thick.jpg
3%,8,37,4,IV,thin,data\processed\3%_batch8_37min_4_thin.jpg,3%_batch8_37min_4_thin.jpg
3%,8,38,5,V,thick,data\processed\3%_batch8_38min_5_thick.jpg,3%_batch8_38min_5_thick.jpg
3%,8,38,4,IV,thin,data\processed\3%_batch8_38min_4_thin.jpg,3%_batch8_38min_4_thin.jpg
3%,8,39,5,V,thick,data\processed\3%_batch8_39min_5_thick.jpg,3%_batch8_39min_5_thick.jpg
3%,8,39,5,V,thin,data\processed\3%_batch8_39min_5_thin.jpg,3%_batch8_39min_5_thin.jpg
3%,8,40,5,V,thick,data\processed\3%_batch8_40min_5_thick.jpg,3%_batch8_40min_5_thick.jpg
3%,8,40,5,V,thin,data\processed\3%_batch8_40min_5_thin.jpg,3%_batch8_40min_5_thin.jpg
3%,8,41,5,V,thick,data\processed\3%_batch8_41min_5_thick.jpg,3%_batch8_41min_5_thick.jpg
3%,8,41,5,V,thin,data\processed\3%_batch8_41min_5_thin.jpg,3%_batch8_41min_5_thin.jpg
3%,9,26,2,II,thick,data\processed\3%_batch9_26min_2_thick.jpg,3%_batch9_26min_2_thick.jpg
3%,9,26,2,II,thin,data\processed\3%_batch9_26min_2_thin.jpg,3%_batch9_26min_2_thin.jpg
3%,9,27,2,II,thick,data\processed\3%_batch9_27min_2_thick.jpg,3%_batch9_27min_2_thick.jpg
3%,9,27,2,II,thin,data\processed\3%_batch9_27min_2_thin.jpg,3%_batch9_27min_2_thin.jpg
3%,9,28,2,II,thick,data\processed\3%_batch9_28min_2_thick.jpg,3%_batch9_28min_2_thick.jpg
3%,9,28,2,II,thin,data\processed\3%_batch9_28min_2_thin.jpg,3%_batch9_28min_2_thin.jpg
3%,9,29,4,IV,thick,data\processed\3%_batch9_29min_4_thick.jpg,3%_batch9_29min_4_thick.jpg
3%,9,29,4,IV,thin,data\processed\3%_batch9_29min_4_thin.jpg,3%_batch9_29min_4_thin.jpg
3%,9,30,3,III,thin,data\processed\3%_batch9_30min_3_thin.jpg,3%_batch9_30min_3_thin.jpg
3%,9,31,3,III,thick,data\processed\3%_batch9_31min_3_thick.jpg,3%_batch9_31min_3_thick.jpg
3%,9,31,3,III,thin,data\processed\3%_batch9_31min_3_thin.jpg,3%_batch9_31min_3_thin.jpg
3%,9,32,4,IV,thick,data\processed\3%_batch9_32min_4_thick.jpg,3%_batch9_32min_4_thick.jpg
3%,9,32,4,IV,thin,data\processed\3%_batch9_32min_4_thin.jpg,3%_batch9_32min_4_thin.jpg
3%,9,33,4,IV,thick,data\processed\3%_batch9_33min_4_thick.jpg,3%_batch9_33min_4_thick.jpg
3%,9,33,4,IV,thin,data\processed\3%_batch9_33min_4_thin.jpg,3%_batch9_33min_4_thin.jpg
3%,9,34,4,IV,thick,data\processed\3%_batch9_34min_4_thick.jpg,3%_batch9_34min_4_thick.jpg
3%,9,34,4,IV,thin,data\processed\3%_batch9_34min_4_thin.jpg,3%_batch9_34min_4_thin.jpg
3%,9,35,4,IV,thick,data\processed\3%_batch9_35min_4_thick.jpg,3%_batch9_35min_4_thick.jpg
3%,9,35,4,IV,thin,data\processed\3%_batch9_35min_4_thin.jpg,3%_batch9_35min_4_thin.jpg
3%,9,36,4,IV,thick,data\processed\3%_batch9_36min_4_thick.jpg,3%_batch9_36min_4_thick.jpg
3%,9,36,4,IV,thin,data\processed\3%_batch9_36min_4_thin.jpg,3%_batch9_36min_4_thin.jpg
3%,9,37,4,IV,thick,data\processed\3%_batch9_37min_4_thick.jpg,3%_batch9_37min_4_thick.jpg
3%,9,37,4,IV,thin,data\processed\3%_batch9_37min_4_thin.jpg,3%_batch9_37min_4_thin.jpg
3%,9,38,5,V,thick,data\processed\3%_batch9_38min_5_thick.jpg,3%_batch9_38min_5_thick.jpg
3%,9,38,5,V,thin,data\processed\3%_batch9_38min_5_thin.jpg,3%_batch9_38min_5_thin.jpg
3%,9,39,5,V,thick,data\processed\3%_batch9_39min_5_thick.jpg,3%_batch9_39min_5_thick.jpg
3%,9,39,5,V,thin,data\processed\3%_batch9_39min_5_thin.jpg,3%_batch9_39min_5_thin.jpg
3%,9,40,5,V,thick,data\processed\3%_batch9_40min_5_thick.jpg,3%_batch9_40min_5_thick.jpg
3%,9,40,5,V,thin,data\processed\3%_batch9_40min_5_thin.jpg,3%_batch9_40min_5_thin.jpg
3%,9,41,5,V,thick,data\processed\3%_batch9_41min_5_thick.jpg,3%_batch9_41min_5_thick.jpg
3%,9,41,5,V,thin,data\processed\3%_batch9_41min_5_thin.jpg,3%_batch9_41min_5_thin.jpg
